{
    "addbotemilia": false, 
    "addbotkanade": false, 
    "addbotkotomi": false, 
    "addbotkotori": true, 
    "addbotram": false, 
    "addbotrem": false, 
    "addbotsagiri": false, 
    "addbotshiro": false, 
    "addbotumaru": false, 
    "addbotyui": false, 
    "botemilia": {}, 
    "botkanade": {}, 
    "botkotomi": {}, 
    "botkotori": {
        "u05f2388c71ad61a378113af290143085": true, 
        "u65c36d3e0ecba219122790dca3f79e12": true, 
        "u6de710245f7e3b3756b04ca04cd70bc2": true
    }, 
    "botram": {}, 
    "botrem": {}, 
    "botsagiri": {}, 
    "botshiro": {}, 
    "botumaru": {}, 
    "botyui": {}, 
    "delbotemilia": false, 
    "delbotkanade": false, 
    "delbotkotomi": false, 
    "delbotkotori": true, 
    "delbotram": false, 
    "delbotrem": false, 
    "delbotsagiri": false, 
    "delbotshiro": false, 
    "delbotumaru": false, 
    "delbotyui": false
}